,PRRSV - nsp2TF,SARS coronavirus,SIVmac239,simian srv1 retrovirus,PLRV luteovirus,human - HERV-K10,human T-lymphotropic virus,HIV HXB2,west nile virus
PRRSV - nsp2TF,1.0,0.603571428571,0.383333333333,0.289473684211,0.383076923077,0.491452991453,0.575,0.611111111111,0.150793650794
SARS coronavirus,0.0,0.760714285714,0.391666666667,0.753289473684,0.438461538462,0.534188034188,0.45,0.422619047619,0.111111111111
SIVmac239,0.5,0.221428571429,0.75,0.684210526316,0.5,0.634615384615,0.775,0.892857142857,0.515873015873
simian srv1 retrovirus,0.0,0.603571428571,0.295833333333,0.917763157895,0.655384615385,0.850427350427,0.875,0.873015873016,0.460317460317
PLRV luteovirus,1.0,0.778571428571,0.4,0.861842105263,0.692307692308,0.760683760684,0.5,0.5,0.68253968254
human - HERV-K10,1.0,0.692857142857,0.504166666667,0.927631578947,0.638461538462,0.92094017094,0.775,0.746031746032,0.531746031746
human T-lymphotropic virus,0.5,0.514285714286,0.654166666667,0.598684210526,0.616923076923,0.395299145299,0.775,0.53373015873,0.349206349206
HIV HXB2,0.0,0.582142857143,0.1875,0.526315789474,0.664615384615,0.5,0.45,0.890873015873,0.365079365079
west nile virus,0.5,0.682142857143,0.675,0.805921052632,0.495384615385,0.594017094017,0.725,0.821428571429,0.809523809524
